Name;Surname;Address_ID;Phone_Number;Email
Alice;Johnson;1;5552233445;alice.johnson@notary.com
Bob;Smith;2;5553344556;bob.smith@notary.com
Charlie;Brown;3;5554455667;charlie.brown@notary.com
Diana;Evans;4;5555566778;diana.evans@notary.com
Ethan;Harris;5;5556677889;ethan.harris@notary.com
Fiona;Clark;6;5557788990;fiona.clark@notary.com
George;Lewis;7;5558899001;george.lewis@notary.com
Hannah;Robinson;8;5559900112;hannah.robinson@notary.com
Isaac;Wilson;9;5551011223;isaac.wilson@notary.com
Julia;King;10;5552122334;julia.king@notary.com
Kevin;Scott;11;5553233445;kevin.scott@notary.com
Laura;Adams;12;5554344556;laura.adams@notary.com
Michael;Baker;13;5555455667;michael.baker@notary.com
Nina;Hall;14;5556566778;nina.hall@notary.com
Oscar;Campbell;15;5557677889;oscar.campbell@notary.com
Paula;Mitchell;16;5558788990;paula.mitchell@notary.com
Quentin;Hernandez;17;5559899001;quentin.hernandez@notary.com
Rita;Clark;18;5550900112;rita.clark@notary.com
Sam;Thompson;19;5551911223;sam.thompson@notary.com
Tina;Martinez;20;5552922334;tina.martinez@notary.com
